trial,learning_rate,num_leaves,min_child_samples,subsample,colsample_bytree,reg_lambda,subsample_freq,best_iteration,val_pr_auc
11,0.1,15,20,0.85,1.0,0.0,1,216,0.3521698324209809
19,0.05,31,20,0.7,0.6,0.0,1,93,0.35192106420975067
7,0.05,15,20,1.0,0.8,20.0,1,807,0.35157269740540764
17,0.1,7,200,1.0,1.0,5.0,1,294,0.35144998270469774
9,0.02,7,100,0.7,1.0,5.0,1,853,0.3513842249987293
28,0.02,7,20,0.7,1.0,5.0,1,625,0.35129913232300375
29,0.05,15,200,0.7,1.0,5.0,1,265,0.3502769905494604
3,0.1,15,100,0.85,0.6,20.0,1,67,0.3493806722273036
12,0.02,7,200,0.85,0.6,0.0,1,669,0.3493184371857828
4,0.1,31,100,1.0,0.8,1.0,1,146,0.34912513262327893
5,0.02,7,20,0.85,1.0,0.0,1,637,0.34901626206917136
16,0.01,31,200,0.7,1.0,0.0,1,870,0.3487450710014072
22,0.01,31,200,0.7,0.8,0.0,1,914,0.3486546926209003
20,0.02,31,200,0.85,1.0,5.0,1,571,0.34834684760080425
2,0.05,63,200,1.0,0.8,0.0,1,158,0.3478218952602451
23,0.02,15,400,0.7,0.6,1.0,1,313,0.34769244389349985
14,0.05,31,20,0.7,1.0,20.0,1,342,0.34749930286527214
27,0.02,15,100,1.0,0.6,0.0,1,451,0.3474934952826847
10,0.1,31,50,1.0,0.8,1.0,1,94,0.34731032782987836
13,0.05,31,400,0.85,0.6,20.0,1,239,0.34667291964642394
8,0.05,63,200,0.7,0.8,1.0,1,132,0.34634851064096495
25,0.1,15,400,0.7,0.8,5.0,1,161,0.3462520929244405
18,0.02,31,50,1.0,0.8,1.0,1,269,0.3461777467582
6,0.1,63,50,0.85,0.6,20.0,1,105,0.34612994205454223
24,0.1,63,20,0.7,1.0,0.0,1,100,0.34564256378830127
26,0.01,31,100,1.0,1.0,5.0,1,952,0.3452656595563817
15,0.02,63,400,0.85,1.0,1.0,1,532,0.3448294001738067
1,0.01,31,50,0.7,0.8,20.0,1,6,0.34147299514268503
21,0.01,63,100,0.85,0.8,5.0,1,6,0.3411798784781258
0,0.01,63,200,0.85,0.8,20.0,1,125,0.340923668616652
